TV-Mania & AnimeMania,https://forums.hardwarezone.com.sg/forums/tv-mania-animemania.375/
"Events, Entertainment & Celebrity Buzz",https://forums.hardwarezone.com.sg/forums/events-entertainment-celebrity-buzz.242/
Tech Show Central,https://forums.hardwarezone.com.sg/forums/tech-show-central.394/
Hardware Clinic,https://forums.hardwarezone.com.sg/forums/hardware-clinic.2/
Notebook Clinic,https://forums.hardwarezone.com.sg/forums/notebook-clinic.77/
Internet Bandwidth & Networking Clinic,https://forums.hardwarezone.com.sg/forums/internet-bandwidth-networking-clinic.4/
Apple Clinic,https://forums.hardwarezone.com.sg/forums/apple-clinic.5/
Software Clinic,https://forums.hardwarezone.com.sg/forums/software-clinic.3/
Gaming Arena,https://forums.hardwarezone.com.sg/forums/gaming-arena.381/
The House of Displays,https://forums.hardwarezone.com.sg/forums/the-house-of-displays.226/
Home Theatre & Audiophiles,https://forums.hardwarezone.com.sg/forums/home-theatre-audiophiles.13/
"Headphones, Earphones and Portable Media Devices",https://forums.hardwarezone.com.sg/forums/headphones-earphones-and-portable-media-devices.314/
The Tablet Den,https://forums.hardwarezone.com.sg/forums/the-tablet-den.328/
Digital Cameras & Photography,https://forums.hardwarezone.com.sg/forums/digital-cameras-photography.12/
Mobile Communication Technology,https://forums.hardwarezone.com.sg/forums/mobile-communication-technology.9/
Wearable Gadgets and IoT,https://forums.hardwarezone.com.sg/forums/wearable-gadgets-and-iot.366/
Hobby Lovers,https://forums.hardwarezone.com.sg/forums/hobby-lovers.229/
The Book Nook,https://forums.hardwarezone.com.sg/forums/the-book-nook.118/
Music SiG,https://forums.hardwarezone.com.sg/forums/music-sig.14/
Design & Visual Art Gallery SiG,https://forums.hardwarezone.com.sg/forums/design-visual-art-gallery-sig.123/
IT Garage Sales,https://forums.hardwarezone.com.sg/forums/it-garage-sales.18/
Electronics Bazaar,https://forums.hardwarezone.com.sg/forums/electronics-bazaar.259/
General Merchandise Bazaar,https://forums.hardwarezone.com.sg/forums/general-merchandise-bazaar.261/
Mass Order Corner,https://forums.hardwarezone.com.sg/forums/mass-order-corner.251/
"Parenting, Kids & Early Learning",https://forums.hardwarezone.com.sg/forums/parenting-kids-early-learning.397/
Eat-Drink-Man-Woman,https://forums.hardwarezone.com.sg/forums/eat-drink-man-woman.16/
Fashion & Grooming,https://forums.hardwarezone.com.sg/forums/fashion-grooming.235/
Pets Inner Circle,https://forums.hardwarezone.com.sg/forums/pets-inner-circle.93/
"The ""Makan"" Zone",https://forums.hardwarezone.com.sg/forums/the-makan-zone.117/
Travel and Accommodation,https://forums.hardwarezone.com.sg/forums/travel-and-accommodation.89/
Cars & Cars,https://forums.hardwarezone.com.sg/forums/cars-cars.204/
HomeSeekers and HomeMakers,https://forums.hardwarezone.com.sg/forums/homeseekers-and-homemakers.74/
Money Mind,https://forums.hardwarezone.com.sg/forums/money-mind.210/
Current Affairs Lounge,https://forums.hardwarezone.com.sg/forums/current-affairs-lounge.17/
National Service Knowledge-Base,https://forums.hardwarezone.com.sg/forums/national-service-knowledge-base.162/
Health & Fitness Corner,https://forums.hardwarezone.com.sg/forums/health-fitness-corner.48/
Football and Sports Arena,https://forums.hardwarezone.com.sg/forums/football-and-sports-arena.20/
Employment Office,https://forums.hardwarezone.com.sg/forums/employment-office.22/
MovieMania,https://forums.hardwarezone.com.sg/forums/moviemania.47/
Post-Degree Programs & Courses,https://forums.hardwarezone.com.sg/forums/post-degree-programs-courses.215/
Degree Programs and Courses,https://forums.hardwarezone.com.sg/forums/degree-programs-and-courses.70/
Diploma Programs and Courses,https://forums.hardwarezone.com.sg/forums/diploma-programs-and-courses.67/
"Certified Systems, IT Security and Network Trainin",https://forums.hardwarezone.com.sg/forums/certified-systems-it-security-and-network-trainin.68/
Other Academic Concerns,https://forums.hardwarezone.com.sg/forums/other-academic-concerns.69/
Campus Zone,https://forums.hardwarezone.com.sg/forums/campus-zone.180/
HardwareZone.com Reviews Lab (online publication),https://forums.hardwarezone.com.sg/forums/hardwarezone-com-reviews-lab-online-publication.26/
Online Services & Membership Support/Feedback,https://forums.hardwarezone.com.sg/forums/online-services-membership-support-feedback.46/
Ratings Board,https://forums.hardwarezone.com.sg/forums/ratings-board.27/
